,Power
50.0,-106.2
50.2,-108.67
50.4,-102.81
50.6,-99.22
50.8,-93.89
51.0,-93.95
51.2,-93.91
51.4,-93.33
51.6,-89.78
51.8,-92.81
52.0,-97.04
52.2,-102.55
52.4,-92.81
52.6,-95.9
52.8,-104.78
53.0,-99.4
53.2,-96.85
53.4,-96.75
53.6,-100.55
53.8,-108.38
54.0,-96.33
54.2,-96.51
54.4,-95.96
54.6,-99.98
54.8,-93.42
55.0,-93.83
55.2,-95.69
55.4,-100.21
55.6,-100.4
55.8,-98.52
56.0,-96.31
56.2,-99.17
56.4,-97.94
56.6,-101.22
56.8,-100.43
57.0,-103.2
57.2,-92.62
57.4,-90.61
57.6,-92.84
57.8,-94.19
58.0,-86.93
58.2,-80.46
58.4,-79.41
58.6,-84.28
58.8,-89.87
59.0,-91.84
59.2,-112.83
59.4,-95.39
59.6,-93.61
59.8,-88.25
60.0,-82.11
60.2,-79.25
60.4,-91.43
60.6,-92.32
60.8,-88.89
61.0,-90.01
61.2,-85.15
61.4,-84.85
61.6,-86.16
61.8,-87.59
62.0,-86.69
62.2,-91.66
62.4,-92.14
62.6,-85.73
62.8,-89.6
63.0,-90.85
63.2,-90.79
63.4,-90.92
63.6,-95.64
63.8,-96.81
64.0,-101.64
64.2,-93.99
64.4,-91.06
64.6,-96.23
64.8,-90.97
65.0,-92.39
65.2,-85.02
65.4,-85.57
65.6,-86.88
65.8,-86.44
66.0,-91.34
66.2,-98.3
66.4,-94.88
66.6,-93.21
66.8,-78.05
67.0,-67.59
67.2,-63.63
67.4,-64.8
67.6,-74.31
67.8,-83.88
68.0,-93.65
68.2,-107.64
68.4,-86.71
68.6,-84.33
68.8,-85.91
69.0,-90.94
69.2,-90.56
69.4,-98.12
69.6,-105.32
69.8,-94.93
70.0,-102.06
70.2,-97.9
70.4,-94.42
70.6,-94.75
70.8,-93.59
71.0,-100.64
71.2,-95.75
71.4,-88.43
71.6,-83.36
71.8,-79.88
72.0,-80.77
72.2,-82.94
72.4,-90.61
72.6,-91.0
72.8,-97.85
73.0,-96.25
73.2,-84.92
73.4,-88.63
73.6,-92.03
73.8,-91.45
74.0,-96.17
74.2,-95.62
74.4,-88.59
74.6,-85.42
74.8,-94.49
75.0,-91.93
75.2,-90.62
75.4,-89.36
75.6,-90.29
75.8,-92.9
76.0,-91.35
76.2,-91.18
76.4,-97.99
76.6,-92.83
76.8,-85.45
77.0,-78.31
77.2,-66.97
77.4,-68.1
77.6,-75.18
77.8,-91.35
78.0,-99.46
78.2,-97.25
78.4,-95.55
78.6,-96.01
78.8,-93.34
79.0,-90.1
79.2,-87.85
79.4,-84.27
79.6,-96.0
79.8,-91.45
80.0,-90.45
80.2,-89.94
80.4,-87.02
80.6,-88.43
80.8,-89.11
81.0,-88.35
81.2,-93.09
81.4,-84.85
81.6,-80.51
81.8,-80.54
82.0,-82.25
82.2,-88.91
82.4,-96.2
82.6,-94.92
82.8,-100.16
83.0,-99.46
83.2,-108.08
83.4,-102.58
83.6,-83.55
83.8,-83.01
84.0,-83.89
84.2,-85.72
84.4,-93.78
84.6,-96.45
84.8,-95.22
85.0,-100.14
85.2,-97.62
85.4,-102.7
85.6,-104.22
85.8,-106.98
86.0,-80.9
86.2,-79.99
86.4,-80.0
86.6,-81.23
86.8,-96.39
87.0,-100.06
87.2,-92.84
87.4,-85.14
87.6,-90.97
87.8,-95.11
88.0,-93.73
88.2,-84.27
88.4,-86.53
88.6,-91.85
88.8,-92.44
89.0,-89.17
89.2,-82.06
89.4,-84.56
89.6,-87.28
89.8,-82.89
90.0,-91.61
90.2,-98.34
90.4,-87.86
90.6,-83.57
90.8,-79.02
91.0,-79.69
91.2,-79.97
91.4,-81.05
91.6,-85.56
91.8,-88.42
92.0,-87.96
92.2,-85.92
92.4,-79.43
92.6,-81.16
92.8,-82.68
93.0,-82.62
93.2,-87.27
93.4,-106.0
93.6,-83.27
93.8,-77.52
94.0,-77.38
94.2,-80.6
94.4,-87.86
94.6,-92.67
94.8,-86.67
95.0,-85.76
95.2,-77.84
95.4,-72.62
95.6,-76.96
95.8,-86.95
96.0,-85.13
96.2,-80.96
96.4,-86.84
96.6,-88.67
96.8,-82.03
97.0,-77.74
97.2,-76.1
97.4,-83.99
97.6,-88.11
97.8,-82.01
98.0,-83.49
98.2,-91.76
98.4,-90.22
98.6,-82.57
98.8,-86.87
99.0,-91.34
99.2,-96.48
99.4,-88.6
99.6,-101.94
99.8,-94.42
100.0,-91.5
100.2,-92.43
100.4,-94.56
100.6,-94.5
100.8,-99.73
101.0,-90.13
101.2,-90.17
101.4,-87.47
101.6,-89.05
101.8,-91.98
102.0,-96.25
102.2,-101.69
102.4,-101.79
102.6,-96.62
102.8,-90.28
103.0,-89.97
103.2,-93.22
103.4,-95.53
103.6,-99.78
103.8,-98.82
104.0,-97.47
104.2,-96.82
104.4,-98.81
104.6,-92.65
104.8,-89.41
105.0,-93.51
105.2,-82.44
105.4,-82.65
105.6,-81.47
105.8,-79.97
106.0,-86.56
106.2,-91.99
106.4,-96.46
106.6,-92.73
106.8,-115.3
107.0,-92.3
107.2,-82.89
107.4,-78.38
107.6,-78.22
107.8,-81.67
108.0,-87.34
108.2,-94.1
108.4,-100.28
108.6,-90.91
108.8,-88.99
109.0,-91.18
109.2,-102.05
109.4,-97.91
109.6,-94.81
109.8,-94.19
110.0,-101.69
110.2,-96.06
110.4,-91.45
110.6,-90.5
110.8,-90.37
111.0,-88.89
111.2,-88.15
111.4,-90.03
111.6,-92.21
111.8,-96.81
112.0,-97.49
112.2,-98.61
112.4,-87.01
112.6,-87.05
112.8,-90.71
113.0,-92.95
113.2,-104.06
113.4,-106.35
113.6,-99.09
113.8,-96.07
114.0,-95.79
114.2,-97.33
114.4,-101.13
114.6,-104.12
114.8,-102.56
115.0,-102.22
115.2,-102.4
115.4,-98.63
115.6,-113.04
115.8,-94.98
116.0,-91.14
116.2,-90.28
116.4,-102.62
116.6,-101.61
116.8,-105.53
117.0,-102.28
117.2,-94.53
117.4,-91.95
117.6,-94.51
117.8,-103.84
118.0,-99.43
118.2,-100.87
118.4,-100.07
118.6,-102.77
118.8,-97.65
119.0,-101.24
119.2,-107.28
119.4,-103.6
119.6,-90.97
119.8,-87.6
120.0,-86.27
120.2,-89.59
120.4,-94.3
120.6,-93.12
120.8,-94.65
121.0,-97.75
121.2,-117.54
121.4,-102.34
121.6,-99.28
121.8,-103.82
122.0,-113.33
122.2,-111.56
122.4,-117.39
122.6,-106.66
122.8,-105.76
123.0,-106.43
123.2,-104.57
123.4,-105.27
123.6,-101.7
123.8,-100.21
124.0,-106.03
124.2,-108.2
124.4,-87.54
124.6,-90.45
124.8,-95.94
125.0,-89.96
125.2,-107.76
125.4,-108.27
125.6,-101.53
125.8,-101.1
126.0,-108.35
126.2,-121.0
126.4,-103.68
126.6,-100.3
126.8,-97.57
127.0,-102.29
127.2,-105.96
127.4,-101.14
127.6,-100.17
127.8,-103.17
128.0,-94.78
128.2,-93.75
128.4,-101.85
128.6,-100.54
128.8,-100.87
129.0,-101.02
129.2,-96.53
129.4,-94.21
129.6,-93.91
129.8,-99.52
130.0,-96.98
130.2,-97.05
130.4,-97.61
130.6,-98.03
130.8,-104.07
131.0,-101.82
131.2,-97.76
131.4,-96.62
131.6,-96.24
131.8,-90.84
132.0,-92.02
132.2,-95.9
132.4,-97.02
132.6,-92.91
132.8,-92.47
133.0,-93.28
133.2,-108.49
133.4,-104.36
133.6,-104.64
133.8,-103.21
134.0,-111.8
134.2,-99.28
134.4,-95.17
134.6,-96.1
134.8,-91.88
135.0,-89.83
135.2,-91.17
135.4,-101.01
135.6,-93.78
135.8,-99.01
136.0,-120.14
136.2,-102.14
136.4,-87.08
136.6,-88.84
136.8,-96.94
137.0,-93.34
137.2,-100.74
137.4,-100.23
137.6,-103.33
137.8,-104.29
138.0,-102.75
138.2,-97.79
138.4,-97.39
138.6,-100.01
138.8,-101.02
139.0,-101.08
139.2,-100.81
139.4,-100.15
139.6,-97.92
139.8,-97.91
140.0,-101.98
140.2,-108.07
140.4,-118.32
140.6,-107.73
140.8,-102.0
141.0,-99.97
141.2,-102.71
141.4,-98.41
141.6,-95.96
141.8,-97.02
142.0,-104.72
142.2,-105.23
142.4,-103.0
142.6,-109.01
142.8,-103.24
143.0,-99.81
143.2,-102.63
143.4,-113.05
143.6,-103.27
143.8,-101.0
144.0,-102.04
144.2,-103.41
144.4,-104.69
144.6,-102.71
144.8,-101.35
145.0,-99.85
145.2,-101.04
145.4,-103.82
145.6,-105.39
145.8,-106.18
146.0,-93.62
146.2,-97.41
146.4,-99.89
146.6,-100.84
146.8,-96.37
147.0,-98.69
147.2,-95.15
147.4,-92.59
147.6,-95.79
147.8,-95.6
148.0,-96.93
148.2,-91.02
148.4,-88.22
148.6,-87.21
148.8,-91.37
149.0,-100.88
149.2,-101.13
149.4,-97.5
149.6,-97.29
149.8,-103.77
150.0,-90.96
150.2,-89.24
150.4,-88.16
150.6,-87.66
150.8,-97.76
151.0,-97.74
151.2,-99.78
151.4,-102.95
151.6,-97.23
151.8,-98.45
152.0,-99.22
152.2,-100.19
152.4,-101.53
152.6,-100.23
152.8,-102.87
153.0,-107.99
153.2,-101.48
153.4,-97.15
153.6,-95.45
153.8,-96.17
154.0,-97.85
154.2,-94.12
154.4,-91.58
154.6,-93.16
154.8,-99.44
155.0,-101.33
155.2,-97.9
155.4,-94.38
155.6,-90.61
155.8,-87.8
156.0,-87.53
156.2,-86.94
156.4,-83.88
156.6,-93.6
156.8,-86.59
157.0,-81.01
157.2,-84.34
157.4,-88.26
157.6,-98.43
157.8,-87.4
158.0,-93.39
158.2,-88.42
158.4,-85.33
158.6,-84.79
158.8,-90.57
159.0,-86.56
159.2,-82.86
159.4,-83.41
159.6,-80.72
159.8,-82.78
160.0,-90.27
160.2,-88.04
160.4,-101.22
160.6,-98.25
160.8,-100.21
161.0,-97.41
161.2,-99.36
161.4,-98.32
161.6,-97.04
161.8,-97.97
162.0,-109.17
162.2,-107.71
162.4,-107.4
162.6,-108.72
162.8,-99.08
163.0,-99.65
163.2,-102.1
163.4,-110.2
163.6,-107.37
163.8,-102.08
164.0,-97.87
164.2,-97.46
164.4,-95.68
164.6,-96.05
164.8,-96.15
165.0,-97.71
165.2,-93.84
165.4,-89.79
165.6,-88.44
165.8,-91.66
166.0,-99.15
166.2,-97.76
166.4,-97.2
166.6,-97.94
166.8,-98.4
167.0,-97.24
167.2,-95.04
167.4,-93.85
167.6,-95.32
167.8,-95.86
168.0,-91.58
168.2,-88.05
168.4,-112.51
168.6,-110.42
168.8,-113.36
169.0,-96.6
169.2,-96.63
169.4,-99.14
169.6,-103.08
169.8,-105.96
170.0,-98.38
170.2,-98.02
170.4,-102.96
170.6,-98.62
170.8,-98.78
171.0,-98.12
171.2,-105.55
171.4,-112.71
171.6,-94.58
171.8,-94.45
172.0,-96.62
172.2,-101.48
172.4,-96.94
172.6,-97.86
172.8,-100.71
173.0,-102.43
173.2,-108.13
173.4,-100.45
173.6,-98.49
173.8,-99.21
174.0,-90.87
174.2,-101.64
174.4,-112.11
174.6,-101.49
174.8,-86.54
175.0,-76.06
175.2,-71.99
175.4,-73.2
175.6,-81.23
175.8,-96.62
176.0,-113.05
176.2,-104.16
176.4,-100.53
176.6,-98.22
176.8,-98.64
177.0,-100.34
177.2,-115.99
177.4,-107.12
177.6,-104.72
177.8,-109.54
178.0,-102.49
178.2,-109.26
178.4,-108.43
178.6,-110.07
178.8,-92.33
179.0,-103.04
179.2,-96.47
179.4,-78.74
179.6,-68.45
179.8,-67.13
180.0,-71.0
180.2,-80.94
180.4,-101.35
180.6,-99.89
180.8,-99.2
181.0,-101.47
181.2,-103.06
181.4,-101.52
181.6,-97.33
181.8,-96.38
182.0,-99.35
182.2,-95.62
182.4,-92.16
182.6,-91.4
182.8,-90.43
183.0,-89.54
183.2,-90.02
183.4,-92.89
183.6,-109.6
183.8,-105.09
184.0,-105.68
184.2,-110.8
184.4,-93.02
184.6,-92.07
184.8,-93.39
185.0,-95.08
185.2,-98.12
185.4,-95.22
185.6,-96.37
185.8,-105.0
186.0,-112.68
186.2,-102.02
186.4,-96.28
186.6,-94.86
186.8,-96.52
187.0,-92.77
187.2,-90.54
187.4,-92.05
187.6,-97.37
187.8,-98.54
188.0,-100.16
188.2,-109.37
188.4,-95.07
188.6,-92.85
188.8,-92.12
189.0,-94.62
189.2,-106.91
189.4,-96.18
189.6,-91.72
189.8,-89.76
190.0,-96.73
190.2,-97.03
190.4,-95.71
190.6,-101.89
190.8,-97.8
191.0,-92.28
191.2,-89.32
191.4,-88.8
191.6,-91.12
191.8,-91.56
192.0,-93.24
192.2,-91.94
192.4,-101.67
192.6,-95.6
192.8,-103.53
193.0,-97.36
193.2,-93.12
193.4,-91.64
193.6,-95.53
193.8,-100.56
194.0,-96.67
194.2,-94.98
194.4,-91.63
194.6,-92.28
194.8,-92.89
195.0,-89.47
195.2,-91.63
195.4,-97.92
195.6,-95.49
195.8,-91.06
196.0,-90.36
196.2,-92.86
196.4,-97.3
196.6,-100.71
196.8,-93.52
197.0,-89.62
197.2,-90.37
197.4,-95.8
197.6,-101.38
197.8,-92.91
198.0,-98.43
198.2,-101.83
198.4,-99.76
198.6,-96.0
198.8,-98.47
199.0,-96.68
199.2,-99.09
199.4,-102.71
199.6,-85.93
199.8,-87.12
200.0,-86.46
200.2,-85.23
200.4,-90.76
200.6,-90.53
200.8,-93.09
201.0,-94.84
201.2,-92.4
201.4,-93.45
201.6,-96.73
201.8,-98.26
202.0,-100.47
202.2,-101.4
202.4,-112.7
202.6,-104.82
202.8,-102.97
203.0,-115.96
203.2,-96.51
203.4,-89.89
203.6,-109.92
203.8,-97.71
204.0,-93.8
204.2,-93.59
204.4,-107.9
204.6,-101.42
204.8,-98.7
205.0,-100.51
205.2,-99.18
205.4,-93.27
205.6,-91.17
205.8,-92.37
206.0,-104.04
206.2,-99.17
206.4,-95.31
206.6,-95.11
206.8,-104.65
207.0,-105.83
207.2,-106.57
207.4,-108.23
207.6,-93.2
207.8,-99.09
208.0,-101.83
208.2,-101.3
208.4,-94.99
208.6,-93.64
208.8,-93.28
209.0,-95.51
209.2,-107.09
209.4,-107.47
209.6,-108.74
209.8,-111.15
210.0,-106.37
210.2,-106.45
210.4,-106.25
210.6,-109.94
210.8,-106.78
211.0,-102.59
211.2,-103.05
211.4,-104.61
211.6,-97.97
211.8,-99.41
212.0,-102.46
212.2,-102.66
212.4,-101.32
212.6,-100.89
212.8,-106.96
213.0,-112.28
213.2,-103.13
213.4,-100.99
213.6,-101.65
213.8,-105.35
214.0,-111.57
214.2,-109.43
214.4,-105.42
214.6,-105.72
214.8,-107.7
215.0,-105.58
215.2,-98.23
215.4,-101.76
215.6,-97.19
215.8,-95.81
216.0,-97.91
216.2,-102.93
216.4,-105.24
216.6,-104.17
216.8,-107.64
217.0,-104.02
217.2,-109.36
217.4,-113.41
217.6,-114.32
217.8,-105.7
218.0,-98.33
218.2,-98.46
218.4,-100.11
218.6,-106.23
218.8,-102.61
219.0,-100.13
219.2,-99.79
219.4,-106.42
219.6,-110.46
219.8,-118.77
220.0,-107.22
220.2,-105.61
220.4,-107.73
220.6,-105.02
220.8,-101.72
221.0,-101.07
221.2,-102.84
221.4,-103.34
221.6,-110.44
221.8,-108.1
222.0,-108.71
222.2,-113.89
222.4,-105.56
222.6,-106.11
222.8,-102.84
223.0,-106.41
223.2,-105.28
223.4,-104.63
223.6,-96.27
223.8,-99.33
224.0,-103.36
224.2,-105.99
224.4,-101.71
224.6,-105.4
224.8,-108.67
225.0,-102.88
225.2,-101.12
225.4,-109.42
225.6,-109.69
225.8,-100.77
226.0,-93.56
226.2,-97.94
226.4,-106.56
226.6,-110.29
226.8,-88.59
227.0,-86.49
227.2,-84.96
227.4,-85.15
227.6,-89.37
227.8,-89.42
228.0,-89.84
228.2,-86.97
228.4,-105.78
228.6,-113.81
228.8,-109.64
229.0,-99.12
229.2,-99.43
229.4,-100.4
229.6,-102.63
229.8,-110.44
230.0,-96.57
230.2,-96.38
230.4,-99.82
230.6,-106.44
230.8,-101.25
231.0,-98.19
231.2,-96.2
231.4,-96.69
231.6,-99.07
231.8,-103.61
232.0,-103.84
232.2,-101.07
232.4,-94.56
232.6,-94.74
232.8,-98.46
233.0,-108.09
233.2,-97.12
233.4,-93.56
233.6,-90.94
233.8,-91.35
234.0,-99.87
234.2,-107.0
234.4,-112.56
234.6,-113.27
234.8,-102.51
235.0,-115.32
235.2,-100.79
235.4,-97.89
235.6,-99.01
235.8,-112.88
236.0,-99.51
236.2,-95.57
236.4,-100.2
236.6,-97.19
236.8,-100.25
237.0,-110.35
237.2,-102.22
237.4,-103.29
237.6,-110.33
237.8,-105.53
238.0,-105.8
238.2,-101.2
238.4,-100.56
238.6,-112.61
238.8,-106.68
239.0,-97.63
239.2,-92.59
239.4,-92.13
239.6,-108.03
239.8,-108.32
240.0,-103.47
240.2,-99.8
240.4,-98.32
240.6,-100.36
240.8,-99.24
241.0,-92.64
241.2,-101.17
241.4,-100.91
241.6,-96.11
241.8,-93.76
242.0,-93.69
242.2,-94.35
242.4,-98.4
242.6,-99.09
242.8,-100.24
243.0,-98.61
243.2,-97.6
243.4,-100.76
243.6,-91.15
243.8,-96.66
244.0,-106.89
244.2,-108.48
244.4,-116.05
244.6,-109.24
244.8,-103.68
245.0,-102.0
245.2,-94.63
245.4,-91.87
245.6,-93.31
245.8,-93.78
246.0,-94.83
246.2,-94.27
246.4,-102.91
246.6,-101.67
246.8,-101.27
247.0,-102.88
247.2,-103.94
247.4,-107.72
247.6,-90.35
247.8,-90.35
248.0,-90.32
248.2,-90.55
248.4,-109.98
248.6,-111.19
248.8,-107.42
249.0,-105.28
249.2,-97.41
249.4,-94.78
249.6,-92.29
249.8,-91.46
250.0,-97.22
250.2,-98.48
250.4,-102.12
250.6,-96.9
250.8,-98.91
251.0,-92.36
251.2,-93.83
251.4,-102.33
251.6,-93.12
251.8,-96.01
252.0,-97.26
252.2,-101.2
252.4,-98.22
252.6,-102.13
252.8,-107.48
253.0,-101.55
253.2,-95.84
253.4,-100.32
253.6,-104.27
253.8,-110.82
254.0,-109.2
254.2,-95.85
254.4,-91.38
254.6,-88.45
254.8,-86.07
255.0,-88.24
255.2,-93.86
255.4,-90.12
255.6,-94.72
255.8,-86.84
256.0,-83.15
256.2,-82.46
256.4,-93.81
256.6,-92.33
256.8,-91.76
257.0,-88.77
257.2,-93.67
257.4,-93.53
257.6,-93.1
257.8,-95.72
258.0,-122.7
258.2,-100.92
258.4,-108.12
258.6,-105.38
258.8,-97.81
259.0,-105.68
259.2,-94.64
259.4,-96.27
259.6,-92.33
259.8,-92.47
260.0,-90.57
260.2,-85.67
260.4,-84.95
260.6,-80.89
260.8,-81.47
261.0,-81.92
261.2,-89.98
261.4,-82.86
261.6,-79.41
261.8,-80.0
262.0,-96.93
262.2,-100.04
262.4,-103.13
262.6,-94.31
262.8,-90.38
263.0,-87.48
263.2,-86.39
263.4,-87.82
263.6,-89.83
263.8,-85.8
264.0,-84.32
264.2,-85.15
264.4,-111.5
264.6,-96.22
264.8,-91.49
265.0,-91.6
265.2,-97.52
265.4,-94.39
265.6,-91.38
265.8,-93.51
266.0,-95.53
266.2,-94.22
266.4,-97.49
266.6,-99.4
266.8,-87.21
267.0,-87.32
267.2,-89.05
267.4,-92.35
267.6,-109.42
267.8,-105.17
268.0,-103.82
268.2,-104.47
268.4,-95.46
268.6,-94.59
268.8,-102.18
269.0,-100.75
269.2,-108.51
269.4,-110.43
269.6,-107.79
269.8,-104.08
270.0,-96.47
270.2,-101.21
270.4,-96.7
270.6,-95.74
270.8,-107.25
271.0,-103.41
271.2,-94.3
271.4,-91.24
271.6,-100.72
271.8,-98.13
272.0,-97.89
272.2,-106.48
272.4,-98.43
272.6,-118.06
272.8,-102.15
273.0,-100.02
273.2,-93.3
273.4,-96.24
273.6,-107.29
273.8,-114.97
274.0,-89.07
274.2,-88.26
274.4,-88.38
274.6,-91.35
274.8,-87.29
275.0,-85.53
275.2,-85.8
275.4,-87.6
275.6,-98.3
275.8,-124.47
276.0,-99.27
276.2,-95.68
276.4,-110.12
276.6,-112.48
276.8,-118.56
277.0,-113.58
277.2,-92.13
277.4,-92.66
277.6,-94.63
277.8,-100.1
278.0,-90.69
278.2,-93.21
278.4,-96.06
278.6,-90.96
278.8,-107.27
279.0,-95.73
279.2,-92.66
279.4,-93.67
279.6,-100.14
279.8,-97.49
280.0,-97.41
280.2,-104.37
280.4,-94.28
280.6,-92.72
280.8,-95.27
281.0,-107.66
281.2,-92.77
281.4,-92.5
281.6,-98.32
281.8,-97.73
282.0,-93.67
282.2,-91.0
282.4,-89.0
282.6,-88.41
282.8,-84.92
283.0,-85.86
283.2,-87.62
283.4,-88.66
283.6,-93.53
283.8,-88.64
284.0,-88.11
284.2,-96.1
284.4,-93.18
284.6,-88.31
284.8,-86.83
285.0,-88.07
285.2,-99.04
285.4,-93.62
285.6,-89.18
285.8,-84.64
286.0,-91.13
286.2,-94.6
286.4,-88.0
286.6,-87.96
286.8,-89.48
287.0,-88.9
287.2,-88.73
287.4,-95.3
287.6,-91.83
287.8,-91.3
288.0,-89.52
288.2,-87.73
288.4,-86.56
288.6,-87.05
288.8,-87.07
289.0,-88.28
289.2,-102.42
289.4,-95.91
289.6,-92.38
289.8,-96.37
290.0,-96.19
290.2,-92.07
290.4,-94.88
290.6,-100.29
290.8,-88.47
291.0,-89.43
291.2,-88.5
291.4,-86.78
291.6,-104.36
291.8,-102.72
292.0,-94.34
292.2,-90.15
292.4,-90.7
292.6,-91.18
292.8,-92.12
293.0,-96.17
293.2,-95.32
293.4,-96.38
293.6,-95.5
293.8,-97.41
294.0,-95.24
294.2,-93.48
294.4,-100.06
294.6,-100.25
294.8,-92.31
295.0,-91.5
295.2,-87.33
295.4,-88.42
295.6,-93.05
295.8,-90.49
296.0,-92.02
296.2,-90.98
296.4,-92.17
296.6,-87.55
296.8,-84.0
297.0,-82.89
297.2,-67.1
297.4,-75.99
297.6,-97.15
297.8,-97.39
298.0,-84.49
298.2,-87.52
298.4,-89.71
298.6,-87.78
298.8,-83.98
299.0,-83.5
299.2,-85.89
299.4,-91.13
299.6,-92.62
299.8,-97.57
300.0,-89.27
300.2,-88.89
300.4,-103.42
300.6,-102.75
300.8,-104.85
301.0,-107.02
301.2,-100.22
301.4,-98.53
301.6,-91.65
301.8,-89.55
302.0,-87.09
302.2,-88.58
302.4,-92.46
302.6,-89.68
302.8,-88.44
303.0,-89.57
303.2,-89.91
303.4,-90.5
303.6,-87.97
303.8,-87.41
304.0,-86.3
304.2,-86.38
304.4,-93.36
304.6,-92.19
304.8,-101.72
305.0,-96.59
305.2,-98.63
305.4,-98.02
305.6,-106.56
305.8,-104.4
306.0,-91.36
306.2,-91.76
306.4,-93.11
306.6,-94.32
306.8,-96.93
307.0,-96.17
307.2,-90.44
307.4,-90.63
307.6,-102.31
307.8,-93.39
308.0,-90.32
308.2,-90.38
308.4,-94.04
308.6,-90.84
308.8,-89.99
309.0,-93.07
309.2,-89.52
309.4,-89.36
309.6,-92.02
309.8,-94.44
310.0,-98.81
310.2,-98.92
310.4,-102.41
310.6,-108.76
310.8,-96.51
311.0,-95.29
311.2,-93.78
311.4,-93.09
311.6,-87.68
311.8,-87.55
312.0,-88.92
312.2,-91.5
312.4,-104.7
312.6,-97.38
312.8,-94.07
313.0,-94.33
313.2,-93.19
313.4,-93.48
313.6,-96.93
313.8,-101.51
314.0,-90.26
314.2,-89.04
314.4,-89.13
314.6,-91.14
314.8,-94.53
315.0,-98.75
315.2,-95.45
315.4,-98.49
315.6,-90.9
315.8,-94.73
316.0,-93.93
316.2,-89.29
316.4,-105.95
316.6,-100.22
316.8,-92.88
317.0,-87.18
317.2,-99.06
317.4,-94.57
317.6,-91.39
317.8,-91.76
318.0,-98.96
318.2,-106.92
318.4,-102.78
318.6,-94.04
318.8,-103.09
319.0,-96.59
319.2,-94.21
319.4,-101.16
319.6,-101.2
319.8,-95.74
320.0,-92.36
320.2,-94.01
320.4,-99.03
320.6,-95.44
320.8,-94.49
321.0,-95.68
321.2,-97.7
321.4,-99.04
321.6,-96.11
321.8,-92.98
322.0,-93.96
322.2,-94.06
322.4,-96.67
322.6,-103.14
322.8,-94.73
323.0,-99.73
323.2,-97.83
323.4,-93.5
323.6,-94.16
323.8,-98.13
324.0,-99.66
324.2,-102.63
324.4,-96.73
324.6,-98.8
324.8,-103.12
325.0,-113.24
325.2,-93.92
325.4,-96.58
325.6,-104.51
325.8,-105.74
326.0,-95.53
326.2,-92.73
326.4,-92.35
326.6,-93.46
326.8,-99.05
327.0,-104.55
327.2,-110.46
327.4,-109.61
327.6,-92.44
327.8,-92.76
328.0,-93.73
328.2,-95.51
328.4,-97.78
328.6,-98.14
328.8,-97.34
329.0,-97.01
329.2,-102.29
329.4,-98.81
329.6,-104.15
329.8,-114.78
330.0,-94.49
330.2,-91.92
330.4,-90.76
330.6,-91.04
330.8,-92.17
331.0,-91.92
331.2,-94.42
331.4,-98.15
331.6,-92.34
331.8,-93.67
332.0,-97.87
332.2,-110.39
332.4,-108.38
332.6,-102.11
332.8,-94.97
333.0,-91.3
333.2,-99.17
333.4,-102.3
333.6,-96.33
333.8,-91.25
334.0,-95.51
334.2,-97.44
334.4,-102.17
334.6,-101.87
334.8,-101.28
335.0,-106.23
335.2,-104.38
335.4,-103.37
335.6,-85.52
335.8,-84.64
336.0,-86.16
336.2,-90.32
336.4,-94.7
336.6,-94.06
336.8,-95.23
337.0,-99.6
337.2,-98.34
337.4,-96.6
337.6,-94.61
337.8,-104.36
338.0,-94.63
338.2,-94.13
338.4,-97.51
338.6,-95.54
338.8,-93.92
339.0,-102.05
339.2,-97.42
339.4,-92.3
339.6,-87.95
339.8,-94.62
340.0,-98.49
340.2,-89.72
340.4,-94.48
340.6,-95.84
340.8,-99.45
341.0,-95.13
341.2,-91.06
341.4,-89.27
341.6,-89.95
341.8,-92.57
342.0,-116.68
342.2,-103.9
342.4,-106.88
342.6,-124.86
342.8,-100.03
343.0,-95.34
343.2,-97.38
343.4,-95.3
343.6,-93.53
343.8,-91.9
344.0,-89.51
344.2,-90.06
344.4,-87.9
344.6,-91.24
344.8,-96.65
345.0,-100.47
345.2,-102.67
345.4,-99.77
345.6,-99.62
345.8,-101.37
346.0,-101.19
346.2,-99.13
346.4,-104.84
346.6,-94.5
346.8,-97.13
347.0,-98.18
347.2,-97.76
347.4,-95.32
347.6,-91.19
347.8,-86.09
348.0,-84.41
348.2,-85.44
348.4,-95.36
348.6,-93.07
348.8,-90.15
349.0,-88.49
349.2,-110.28
349.4,-103.67
349.6,-98.78
349.8,-101.45
350.0,-88.32
350.2,-89.38
350.4,-88.08
350.6,-86.18
350.8,-100.96
351.0,-98.43
351.2,-99.12
351.4,-103.05
351.6,-91.04
351.8,-90.99
352.0,-94.21
352.2,-93.96
352.4,-91.96
352.6,-94.21
352.8,-98.53
353.0,-110.43
353.2,-94.92
353.4,-91.46
353.6,-91.54
353.8,-91.75
354.0,-99.1
354.2,-99.06
354.4,-101.01
354.6,-108.38
354.8,-93.96
355.0,-93.02
355.2,-92.19
355.4,-93.36
355.6,-98.81
355.8,-97.25
356.0,-94.17
356.2,-93.03
356.4,-89.91
356.6,-87.95
356.8,-89.51
357.0,-91.99
357.2,-106.38
357.4,-106.96
357.6,-104.75
357.8,-103.22
358.0,-94.22
358.2,-96.99
358.4,-107.76
358.6,-99.43
358.8,-95.64
359.0,-101.88
359.2,-97.01
359.4,-97.88
359.6,-86.46
359.8,-79.25
360.0,-77.06
360.2,-79.85
360.4,-97.16
360.6,-103.11
360.8,-97.5
361.0,-95.72
361.2,-95.44
361.4,-96.01
361.6,-95.2
361.8,-95.61
362.0,-95.42
362.2,-96.47
362.4,-106.33
362.6,-100.6
362.8,-101.05
363.0,-101.97
363.2,-105.91
363.4,-104.51
363.6,-104.98
363.8,-99.42
364.0,-97.81
364.2,-98.9
364.4,-97.39
364.6,-99.58
364.8,-105.28
365.0,-105.5
365.2,-103.82
365.4,-104.88
365.6,-106.87
365.8,-108.21
366.0,-96.74
366.2,-97.27
366.4,-97.94
366.6,-96.62
366.8,-94.63
367.0,-90.5
367.2,-90.32
367.4,-94.58
367.6,-105.55
367.8,-107.66
368.0,-105.96
368.2,-101.3
368.4,-101.44
368.6,-93.78
368.8,-92.2
369.0,-92.73
369.2,-97.68
369.4,-96.42
369.6,-97.48
369.8,-105.52
370.0,-104.92
370.2,-101.34
370.4,-96.71
370.6,-94.2
370.8,-93.83
371.0,-93.95
371.2,-94.87
371.4,-94.61
371.6,-98.21
371.8,-95.25
372.0,-100.56
372.2,-106.61
372.4,-99.72
372.6,-101.89
372.8,-103.69
373.0,-105.3
373.2,-96.96
373.4,-98.03
373.6,-102.2
373.8,-104.89
374.0,-106.39
374.2,-112.73
374.4,-101.35
374.6,-100.0
374.8,-98.47
375.0,-99.5
375.2,-98.61
375.4,-99.05
375.6,-94.98
375.8,-95.68
376.0,-98.12
376.2,-101.29
376.4,-96.87
376.6,-98.41
376.8,-107.86
377.0,-103.02
377.2,-102.48
377.4,-102.6
377.6,-97.28
377.8,-95.45
378.0,-103.65
378.2,-96.85
378.4,-95.91
378.6,-96.52
378.8,-103.45
379.0,-110.52
379.2,-101.49
379.4,-101.35
379.6,-92.83
379.8,-94.48
380.0,-98.54
380.2,-98.63
380.4,-94.14
380.6,-95.25
380.8,-95.3
381.0,-91.9
381.2,-99.11
381.4,-97.56
381.6,-91.58
381.8,-91.19
382.0,-92.88
382.2,-95.34
382.4,-98.9
382.6,-96.93
382.8,-103.9
383.0,-103.9
383.2,-99.56
383.4,-105.15
383.6,-107.78
383.8,-101.46
384.0,-97.85
384.2,-97.63
384.4,-107.3
384.6,-97.99
384.8,-93.53
385.0,-91.74
385.2,-96.2
385.4,-98.23
385.6,-100.32
385.8,-99.0
386.0,-95.44
386.2,-98.47
386.4,-100.6
386.6,-105.18
386.8,-96.83
387.0,-100.57
387.2,-92.17
387.4,-87.56
387.6,-90.66
387.8,-94.11
388.0,-101.56
388.2,-106.94
388.4,-98.59
388.6,-103.11
388.8,-104.78
389.0,-102.64
389.2,-93.4
389.4,-86.58
389.6,-82.88
389.8,-83.25
390.0,-89.25
390.2,-91.42
390.4,-96.65
390.6,-95.22
390.8,-87.65
391.0,-89.44
391.2,-90.12
391.4,-86.62
391.6,-91.39
391.8,-96.12
392.0,-98.58
392.2,-97.95
392.4,-92.92
392.6,-92.77
392.8,-98.31
393.0,-124.55
393.2,-95.75
393.4,-96.31
393.6,-89.77
393.8,-89.75
394.0,-92.88
394.2,-94.42
394.4,-95.35
394.6,-97.38
394.8,-101.19
395.0,-95.24
395.2,-92.5
395.4,-92.64
395.6,-85.17
395.8,-80.65
396.0,-76.45
396.2,-74.84
396.4,-81.54
396.6,-89.74
396.8,-97.3
397.0,-100.29
397.2,-87.1
397.4,-85.05
397.6,-90.37
397.8,-94.57
398.0,-94.18
398.2,-94.34
398.4,-93.91
398.6,-94.73
398.8,-103.51
399.0,-98.57
399.2,-101.1
399.4,-102.27
399.6,-86.37
399.8,-85.21
400.0,-86.55
400.2,-90.09
400.4,-88.19
400.6,-91.98
400.8,-95.97
401.0,-89.95
401.2,-81.11
401.4,-79.0
401.6,-78.17
401.8,-78.97
402.0,-91.32
402.2,-85.02
402.4,-83.95
402.6,-85.86
402.8,-96.72
403.0,-88.58
403.2,-85.43
403.4,-83.73
403.6,-95.57
403.8,-96.32
404.0,-99.16
404.2,-97.48
404.4,-101.25
404.6,-100.39
404.8,-101.45
405.0,-103.91
405.2,-92.48
405.4,-88.15
405.6,-87.23
405.8,-88.46
406.0,-90.32
406.2,-90.31
406.4,-93.29
406.6,-96.28
406.8,-103.35
407.0,-101.68
407.2,-98.21
407.4,-97.14
407.6,-93.32
407.8,-91.26
408.0,-91.24
408.2,-86.37
408.4,-92.36
408.6,-88.76
408.8,-86.38
409.0,-86.28
409.2,-90.35
409.4,-87.68
409.6,-88.26
409.8,-89.16
410.0,-101.06
410.2,-95.53
410.4,-94.1
410.6,-93.83
410.8,-83.32
411.0,-81.24
411.2,-80.0
411.4,-81.77
411.6,-86.78
411.8,-98.15
412.0,-102.59
412.2,-97.92
412.4,-99.45
412.6,-96.34
412.8,-97.22
413.0,-99.9
413.2,-94.19
413.4,-104.64
413.6,-91.04
413.8,-89.16
414.0,-110.94
414.2,-101.18
414.4,-99.08
414.6,-107.21
414.8,-95.06
415.0,-99.44
415.2,-116.65
415.4,-97.15
415.6,-103.6
415.8,-103.77
416.0,-99.03
416.2,-100.6
416.4,-93.57
416.6,-92.92
416.8,-90.76
417.0,-90.18
417.2,-94.13
417.4,-96.84
417.6,-102.6
417.8,-110.04
418.0,-87.8
418.2,-87.65
418.4,-86.35
418.6,-86.29
418.8,-89.99
419.0,-89.53
419.2,-90.58
419.4,-90.32
419.6,-95.44
419.8,-97.58
420.0,-101.95
420.2,-96.08
420.4,-105.5
420.6,-97.79
420.8,-94.98
421.0,-99.19
421.2,-110.17
421.4,-100.54
421.6,-93.13
421.8,-90.92
422.0,-95.63
422.2,-100.36
422.4,-107.97
422.6,-99.04
422.8,-102.75
423.0,-105.29
423.2,-101.92
423.4,-103.7
423.6,-95.13
423.8,-91.86
424.0,-90.53
424.2,-90.22
424.4,-88.78
424.6,-87.49
424.8,-86.69
425.0,-86.85
425.2,-94.39
425.4,-95.1
425.6,-96.09
425.8,-99.84
426.0,-102.07
426.2,-96.08
426.4,-97.11
426.6,-104.02
426.8,-97.33
427.0,-92.19
427.2,-91.62
427.4,-96.46
427.6,-95.44
427.8,-100.56
428.0,-106.5
428.2,-112.33
428.4,-94.86
428.6,-94.59
428.8,-95.49
429.0,-99.29
429.2,-92.33
429.4,-90.68
429.6,-90.93
429.8,-93.56
430.0,-105.08
430.2,-101.14
430.4,-94.84
430.6,-91.34
430.8,-108.58
431.0,-99.74
431.2,-96.17
431.4,-95.5
431.6,-107.69
431.8,-100.36
432.0,-98.09
432.2,-96.34
432.4,-99.17
432.6,-101.25
432.8,-103.2
433.0,-104.01
433.2,-104.72
433.4,-109.27
433.6,-110.56
433.8,-106.44
434.0,-95.62
434.2,-102.37
434.4,-101.07
434.6,-98.14
434.8,-116.87
435.0,-106.11
435.2,-98.83
435.4,-96.51
435.6,-94.59
435.8,-95.08
436.0,-95.61
436.2,-94.45
436.4,-92.88
436.6,-94.04
436.8,-98.63
437.0,-102.8
437.2,-103.11
437.4,-103.59
437.6,-101.57
437.8,-105.9
438.0,-101.01
438.2,-108.68
438.4,-97.15
438.6,-93.09
438.8,-93.33
439.0,-92.08
439.2,-93.41
439.4,-93.9
439.6,-90.86
439.8,-91.17
440.0,-92.21
440.2,-92.8
440.4,-104.61
440.6,-98.82
440.8,-95.04
441.0,-93.06
441.2,-95.0
441.4,-92.89
441.6,-95.45
441.8,-107.03
442.0,-99.78
442.2,-99.94
442.4,-103.23
442.6,-106.72
442.8,-102.54
443.0,-98.66
443.2,-93.54
443.4,-91.84
443.6,-99.53
443.8,-93.37
444.0,-93.95
444.2,-95.81
444.4,-79.88
444.6,-92.6
444.8,-100.29
445.0,-82.81
445.2,-70.29
445.4,-67.08
445.6,-69.12
445.8,-78.23
446.0,-89.43
446.2,-97.6
446.4,-91.94
446.6,-107.73
446.8,-106.57
447.0,-111.93
447.2,-108.16
447.4,-106.36
447.6,-91.89
447.8,-91.51
448.0,-94.47
448.2,-96.69
448.4,-92.56
448.6,-88.4
448.8,-85.76
449.0,-85.87
449.2,-92.97
449.4,-92.07
449.6,-92.16
449.8,-93.55
450.0,-102.5
450.2,-113.34
450.4,-98.22
450.6,-95.54
450.8,-100.57
451.0,-102.24
451.2,-98.48
451.4,-97.79
451.6,-107.95
451.8,-101.53
452.0,-96.04
452.2,-95.07
452.4,-96.21
452.6,-94.39
452.8,-96.17
453.0,-95.42
453.2,-101.14
453.4,-103.6
453.6,-97.79
453.8,-95.32
454.0,-99.96
454.2,-100.38
454.4,-110.72
454.6,-107.86
454.8,-98.31
455.0,-98.23
455.2,-96.75
455.4,-95.86
455.6,-97.2
455.8,-93.09
456.0,-91.63
456.2,-92.58
456.4,-103.36
456.6,-95.34
456.8,-91.13
457.0,-91.2
457.2,-111.33
457.4,-102.76
457.6,-98.96
457.8,-96.88
458.0,-102.55
458.2,-113.75
458.4,-105.54
458.6,-102.07
458.8,-100.58
459.0,-104.03
459.2,-106.75
459.4,-102.92
459.6,-105.22
459.8,-107.21
460.0,-110.15
460.2,-114.18
460.4,-112.72
460.6,-115.56
460.8,-109.85
461.0,-100.86
461.2,-97.89
461.4,-99.51
461.6,-103.07
461.8,-101.23
462.0,-100.94
462.2,-102.12
462.4,-103.95
462.6,-105.54
462.8,-106.17
463.0,-103.76
463.2,-103.48
463.4,-109.67
463.6,-107.08
463.8,-103.6
464.0,-102.77
464.2,-105.63
464.4,-104.92
464.6,-101.86
464.8,-100.96
465.0,-103.3
465.2,-106.44
465.4,-102.66
465.6,-102.17
465.8,-105.35
466.0,-111.88
466.2,-113.49
466.4,-125.85
466.6,-110.39
466.8,-99.95
467.0,-101.89
467.2,-101.52
467.4,-98.98
467.6,-99.28
467.8,-103.81
468.0,-111.62
468.2,-117.0
468.4,-111.34
468.6,-123.21
468.8,-119.05
469.0,-110.75
469.2,-109.18
469.4,-104.33
469.6,-103.57
469.8,-106.07
470.0,-102.92
470.2,-106.4
470.4,-106.28
470.6,-103.62
470.8,-111.34
471.0,-105.21
471.2,-101.0
471.4,-102.45
471.6,-96.51
471.8,-95.8
472.0,-96.96
472.2,-99.53
472.4,-103.51
472.6,-106.45
472.8,-108.32
473.0,-103.97
473.2,-109.24
473.4,-107.89
473.6,-105.92
473.8,-103.52
474.0,-115.17
474.2,-106.71
474.4,-106.12
474.6,-107.09
474.8,-102.25
475.0,-99.09
475.2,-101.0
475.4,-100.42
475.6,-92.86
475.8,-98.9
476.0,-97.92
476.2,-93.62
476.4,-80.63
476.6,-77.23
476.8,-74.33
477.0,-74.52
477.2,-73.4
477.4,-72.63
477.6,-73.71
477.8,-77.49
478.0,-82.89
478.2,-82.53
478.4,-83.96
478.6,-86.87
478.8,-86.1
479.0,-88.53
479.2,-81.71
479.4,-79.37
479.6,-73.53
479.8,-78.19
480.0,-76.57
480.2,-77.35
480.4,-73.73
480.6,-77.15
480.8,-68.37
481.0,-66.57
481.2,-69.62
481.4,-74.52
481.6,-81.51
481.8,-76.78
482.0,-76.22
482.2,-81.27
482.4,-91.55
482.6,-111.93
482.8,-101.99
483.0,-100.7
483.2,-101.8
483.4,-103.94
483.6,-106.68
483.8,-105.53
484.0,-105.47
484.2,-107.28
484.4,-100.56
484.6,-97.77
484.8,-97.23
485.0,-100.17
485.2,-107.22
485.4,-102.94
485.6,-102.13
485.8,-105.99
486.0,-103.07
486.2,-103.08
486.4,-104.22
486.6,-106.1
486.8,-105.53
487.0,-102.12
487.2,-99.64
487.4,-99.57
487.6,-107.65
487.8,-110.67
488.0,-109.82
488.2,-106.66
488.4,-116.1
488.6,-133.33
488.8,-119.11
489.0,-110.13
489.2,-104.3
489.4,-101.73
489.6,-104.8
489.8,-111.69
490.0,-104.03
490.2,-106.67
490.4,-108.87
490.6,-111.24
490.8,-108.25
491.0,-107.48
491.2,-113.36
491.4,-110.65
491.6,-106.45
491.8,-101.83
492.0,-99.93
492.2,-99.38
492.4,-97.99
492.6,-89.02
492.8,-87.4
493.0,-91.39
493.2,-104.0
493.4,-100.65
493.6,-101.63
493.8,-107.22
494.0,-98.83
494.2,-92.46
494.4,-85.43
494.6,-80.0
494.8,-82.45
495.0,-82.42
495.2,-85.2
495.4,-86.04
495.6,-92.85
495.8,-101.09
496.0,-88.99
496.2,-91.27
496.4,-88.66
496.6,-84.01
496.8,-81.13
497.0,-80.88
497.2,-84.67
497.4,-90.76
497.6,-103.97
497.8,-94.9
498.0,-89.38
498.2,-86.66
498.4,-84.04
498.6,-84.75
498.8,-85.29
499.0,-88.91
499.2,-107.17
499.4,-89.86
499.6,-97.63
499.8,-94.34
500.0,-95.52
500.2,-92.37
500.4,-83.87
500.6,-81.76
500.8,-83.41
501.0,-89.54
501.2,-84.18
501.4,-85.13
501.6,-88.35
501.8,-86.64
502.0,-89.49
502.2,-89.8
502.4,-87.22
502.6,-85.74
502.8,-83.55
503.0,-86.45
503.2,-89.11
503.4,-86.19
503.6,-84.85
503.8,-79.61
504.0,-79.25
504.2,-81.99
504.4,-80.45
504.6,-74.49
504.8,-73.9
505.0,-76.81
505.2,-82.45
505.4,-84.97
505.6,-84.26
505.8,-81.96
506.0,-97.05
506.2,-97.32
506.4,-104.46
506.6,-110.69
506.8,-109.89
507.0,-109.12
507.2,-110.24
507.4,-107.93
507.6,-109.3
507.8,-111.64
508.0,-110.62
508.2,-110.97
508.4,-97.48
508.6,-104.73
508.8,-104.44
509.0,-100.42
509.2,-105.66
509.4,-104.02
509.6,-100.64
509.8,-99.16
510.0,-105.08
510.2,-104.75
510.4,-103.61
510.6,-109.64
510.8,-96.9
511.0,-96.09
511.2,-99.1
511.4,-102.34
511.6,-102.01
511.8,-99.53
512.0,-97.73
512.2,-94.28
512.4,-88.92
512.6,-90.83
512.8,-85.91
513.0,-83.4
513.2,-91.16
513.4,-85.51
513.6,-81.27
513.8,-80.05
514.0,-84.22
514.2,-85.57
514.4,-89.36
514.6,-87.89
514.8,-90.14
515.0,-93.83
515.2,-99.32
515.4,-99.07
515.6,-89.5
515.8,-82.67
516.0,-79.02
516.2,-79.49
516.4,-102.55
516.6,-92.2
516.8,-86.12
517.0,-86.6
517.2,-84.71
517.4,-84.72
517.6,-88.29
517.8,-92.93
518.0,-88.25
518.2,-96.39
518.4,-113.15
518.6,-105.85
518.8,-97.93
519.0,-98.52
519.2,-98.8
519.4,-94.71
519.6,-102.0
519.8,-104.15
520.0,-98.84
520.2,-99.82
520.4,-103.0
520.6,-99.07
520.8,-100.22
521.0,-102.19
521.2,-105.09
521.4,-103.92
521.6,-100.68
521.8,-99.9
522.0,-107.86
522.2,-110.83
522.4,-110.23
522.6,-108.13
522.8,-102.16
523.0,-103.35
523.2,-106.16
523.4,-112.34
523.6,-90.93
523.8,-90.93
524.0,-92.13
524.2,-92.36
524.4,-102.54
524.6,-112.9
524.8,-105.23
525.0,-100.12
525.2,-96.86
525.4,-96.66
525.6,-95.55
525.8,-95.08
526.0,-97.48
526.2,-93.98
526.4,-92.38
526.6,-93.95
526.8,-96.98
527.0,-108.9
527.2,-100.2
527.4,-98.12
527.6,-97.62
527.8,-101.3
528.0,-108.43
528.2,-107.4
528.4,-108.26
528.6,-109.02
528.8,-113.35
529.0,-110.65
529.2,-96.1
529.4,-96.67
529.6,-92.85
529.8,-93.04
530.0,-102.0
530.2,-100.41
530.4,-100.36
530.6,-101.04
530.8,-94.25
531.0,-95.08
531.2,-99.1
531.4,-107.32
531.6,-112.85
531.8,-104.94
532.0,-102.3
532.2,-102.63
532.4,-103.86
532.6,-100.9
532.8,-100.34
533.0,-101.84
533.2,-100.04
533.4,-97.7
533.6,-97.81
533.8,-99.3
534.0,-105.27
534.2,-104.06
534.4,-105.24
534.6,-104.09
534.8,-103.52
535.0,-105.83
535.2,-109.78
535.4,-105.32
535.6,-101.43
535.8,-109.77
536.0,-94.28
536.2,-91.08
536.4,-98.64
536.6,-105.5
536.8,-121.99
537.0,-107.16
537.2,-101.13
537.4,-104.12
537.6,-100.91
537.8,-99.95
538.0,-102.99
538.2,-108.17
538.4,-113.09
538.6,-105.14
538.8,-98.5
539.0,-95.4
539.2,-97.47
539.4,-101.4
539.6,-102.18
539.8,-103.3
540.0,-101.69
540.2,-102.89
540.4,-109.55
540.6,-112.18
540.8,-121.27
541.0,-106.83
541.2,-91.52
541.4,-90.01
541.6,-90.32
541.8,-95.91
542.0,-101.58
542.2,-98.0
542.4,-97.66
542.6,-98.71
542.8,-102.32
543.0,-107.87
543.2,-103.58
543.4,-97.98
543.6,-93.35
543.8,-93.85
544.0,-92.88
544.2,-92.71
544.4,-96.19
544.6,-92.16
544.8,-92.79
545.0,-91.1
545.2,-99.5
545.4,-100.7
545.6,-102.69
545.8,-102.2
546.0,-96.33
546.2,-96.12
546.4,-96.49
546.6,-98.6
546.8,-96.72
547.0,-105.03
547.2,-110.57
547.4,-121.46
547.6,-105.4
547.8,-105.57
548.0,-106.48
548.2,-105.22
548.4,-93.86
548.6,-98.56
548.8,-98.81
549.0,-83.64
549.2,-74.54
549.4,-71.99
549.6,-74.54
549.8,-82.12
550.0,-98.26
550.2,-98.41
550.4,-96.74
550.6,-96.54
550.8,-101.13
551.0,-107.59
551.2,-116.03
551.4,-106.29
551.6,-101.3
551.8,-99.99
552.0,-100.37
552.2,-103.32
552.4,-109.09
552.6,-107.46
552.8,-118.33
553.0,-109.01
553.2,-102.91
553.4,-96.7
553.6,-85.24
553.8,-80.44
554.0,-82.5
554.2,-88.89
554.4,-102.47
554.6,-101.74
554.8,-105.01
555.0,-107.91
555.2,-116.76
555.4,-106.98
555.6,-106.09
555.8,-108.76
556.0,-108.53
556.2,-106.3
556.4,-96.94
556.6,-97.3
556.8,-98.93
557.0,-104.25
557.2,-112.25
557.4,-107.64
557.6,-103.78
557.8,-103.39
558.0,-112.36
558.2,-106.6
558.4,-100.11
558.6,-98.3
558.8,-111.14
559.0,-106.84
559.2,-103.47
559.4,-101.85
559.6,-106.6
559.8,-107.46
560.0,-108.87
560.2,-110.96
560.4,-98.26
560.6,-97.74
560.8,-102.79
561.0,-107.57
561.2,-103.23
561.4,-98.12
561.6,-98.83
561.8,-104.99
562.0,-105.58
562.2,-97.83
562.4,-95.25
562.6,-96.51
562.8,-96.21
563.0,-97.0
563.2,-98.17
563.4,-104.63
563.6,-103.56
563.8,-101.73
564.0,-100.79
564.2,-99.63
564.4,-99.03
564.6,-102.7
564.8,-106.07
565.0,-102.01
565.2,-94.49
565.4,-94.58
565.6,-95.81
565.8,-97.81
566.0,-106.18
566.2,-99.77
566.4,-98.33
566.6,-99.85
566.8,-90.43
567.0,-94.63
567.2,-96.63
567.4,-97.54
567.6,-92.99
567.8,-86.22
568.0,-84.79
568.2,-87.8
568.4,-105.37
568.6,-95.84
568.8,-91.65
569.0,-89.38
569.2,-96.06
569.4,-104.03
569.6,-97.79
569.8,-91.54
570.0,-95.55
570.2,-93.69
570.4,-91.66
570.6,-93.87
570.8,-88.45
571.0,-87.49
571.2,-87.23
571.4,-85.81
571.6,-103.39
571.8,-105.33
572.0,-106.28
572.2,-106.0
572.4,-101.91
572.6,-100.2
572.8,-92.65
573.0,-86.41
573.2,-86.69
573.4,-89.01
573.6,-96.49
573.8,-109.07
574.0,-105.82
574.2,-103.73
574.4,-100.1
574.6,-97.62
574.8,-105.6
575.0,-113.07
575.2,-114.43
575.4,-110.9
575.6,-97.88
575.8,-95.55
576.0,-92.63
576.2,-93.41
576.4,-97.33
576.6,-94.14
576.8,-93.99
577.0,-96.86
577.2,-101.68
577.4,-91.27
577.6,-84.85
577.8,-83.66
578.0,-89.1
578.2,-97.92
578.4,-106.33
578.6,-107.66
578.8,-98.27
579.0,-99.08
579.2,-101.66
579.4,-107.09
579.6,-101.65
579.8,-102.31
580.0,-101.94
580.2,-101.62
580.4,-97.1
580.6,-96.96
580.8,-98.14
581.0,-99.07
581.2,-92.46
581.4,-92.39
581.6,-96.05
581.8,-100.27
582.0,-97.79
582.2,-101.51
582.4,-95.83
582.6,-92.45
582.8,-104.68
583.0,-104.37
583.2,-104.24
583.4,-105.74
583.6,-112.58
583.8,-122.76
584.0,-125.64
584.2,-108.94
584.4,-103.01
584.6,-102.15
584.8,-99.74
585.0,-97.18
585.2,-92.62
585.4,-95.8
585.6,-95.07
585.8,-88.54
586.0,-84.1
586.2,-83.11
586.4,-84.38
586.6,-88.1
586.8,-95.68
587.0,-95.13
587.2,-89.84
587.4,-87.36
587.6,-91.06
587.8,-96.55
588.0,-94.26
588.2,-93.57
588.4,-104.17
588.6,-99.23
588.8,-97.75
589.0,-102.52
589.2,-104.2
589.4,-100.75
589.6,-104.08
589.8,-103.86
590.0,-107.49
590.2,-105.43
590.4,-104.28
590.6,-103.61
590.8,-100.65
591.0,-101.39
591.2,-108.21
591.4,-106.98
591.6,-100.34
591.8,-102.19
592.0,-102.13
592.2,-102.01
592.4,-105.3
592.6,-106.38
592.8,-107.07
593.0,-107.79
593.2,-94.14
593.4,-92.99
593.6,-97.17
593.8,-92.5
594.0,-87.85
594.2,-88.73
594.4,-97.46
594.6,-98.3
594.8,-104.41
595.0,-103.54
595.2,-101.02
595.4,-102.51
595.6,-110.97
595.8,-106.12
596.0,-100.91
596.2,-99.6
596.4,-107.64
596.6,-107.57
596.8,-106.05
597.0,-105.68
597.2,-120.25
597.4,-124.22
597.6,-118.97
597.8,-112.73
598.0,-120.12
598.2,-105.55
598.4,-100.98
598.6,-102.29
598.8,-105.62
599.0,-100.67
599.2,-99.11
599.4,-100.04
599.6,-91.57
599.8,-96.31
600.0,-105.38
600.2,-92.07
600.4,-96.79
600.6,-95.53
600.8,-92.27
601.0,-91.33
601.2,-102.47
601.4,-99.14
601.6,-97.99
601.8,-98.46
602.0,-104.9
602.2,-106.54
602.4,-103.09
602.6,-99.82
602.8,-95.72
603.0,-92.38
603.2,-91.92
603.4,-95.54
603.6,-111.85
603.8,-110.58
604.0,-106.78
604.2,-107.8
604.4,-101.78
604.6,-99.45
604.8,-97.72
605.0,-97.87
605.2,-117.21
605.4,-105.56
605.6,-100.61
605.8,-100.78
606.0,-92.51
606.2,-91.43
606.4,-92.69
606.6,-95.87
606.8,-100.01
607.0,-100.53
607.2,-98.25
607.4,-97.81
607.6,-101.23
607.8,-102.69
608.0,-106.63
608.2,-104.3
608.4,-99.19
608.6,-97.07
608.8,-90.31
609.0,-82.88
609.2,-82.04
609.4,-84.41
609.6,-93.21
609.8,-103.04
610.0,-96.77
610.2,-99.09
610.4,-104.42
610.6,-108.92
610.8,-108.47
611.0,-115.68
611.2,-112.37
611.4,-114.23
611.6,-112.42
611.8,-112.32
612.0,-109.84
612.2,-110.09
612.4,-107.28
612.6,-121.63
612.8,-104.23
613.0,-99.97
613.2,-94.06
613.4,-90.53
613.6,-88.34
613.8,-88.79
614.0,-90.39
614.2,-90.94
614.4,-90.44
614.6,-91.71
614.8,-106.56
615.0,-101.98
615.2,-108.64
615.4,-101.93
615.6,-99.57
615.8,-97.83
616.0,-97.66
616.2,-101.29
616.4,-98.99
616.6,-97.91
616.8,-104.8
617.0,-111.89
617.2,-97.43
617.4,-92.84
617.6,-90.34
617.8,-89.73
618.0,-98.37
618.2,-99.27
618.4,-98.38
618.6,-103.73
618.8,-100.71
619.0,-98.62
619.2,-96.18
619.4,-95.96
619.6,-107.21
619.8,-109.65
620.0,-100.12
620.2,-95.67
620.4,-102.48
620.6,-99.73
620.8,-99.59
621.0,-100.1
621.2,-99.55
621.4,-102.79
621.6,-103.07
621.8,-101.46
622.0,-106.26
622.2,-126.54
622.4,-106.84
622.6,-102.73
622.8,-107.47
623.0,-109.66
623.2,-119.65
623.4,-121.12
623.6,-99.3
623.8,-99.93
624.0,-103.5
624.2,-107.19
624.4,-107.99
624.6,-110.49
624.8,-112.85
625.0,-117.04
625.2,-104.61
625.4,-104.77
625.6,-98.98
625.8,-96.38
626.0,-113.76
626.2,-112.36
626.4,-109.28
626.6,-108.24
626.8,-106.66
627.0,-105.47
627.2,-110.07
627.4,-118.72
627.6,-105.02
627.8,-100.46
628.0,-98.34
628.2,-97.27
628.4,-102.59
628.6,-100.34
628.8,-98.79
629.0,-100.51
629.2,-104.55
629.4,-104.05
629.6,-103.43
629.8,-104.93
630.0,-109.8
630.2,-107.94
630.4,-103.32
630.6,-102.31
630.8,-104.4
631.0,-101.59
631.2,-101.06
631.4,-100.88
631.6,-110.55
631.8,-110.85
632.0,-106.52
632.2,-108.39
632.4,-103.41
632.6,-105.24
632.8,-104.83
633.0,-105.18
633.2,-105.6
633.4,-105.62
633.6,-111.23
633.8,-108.92
634.0,-114.03
634.2,-107.87
634.4,-104.62
634.6,-105.99
634.8,-103.2
635.0,-100.91
635.2,-100.5
635.4,-104.0
635.6,-111.35
635.8,-108.41
636.0,-110.81
636.2,-118.4
636.4,-114.9
636.6,-111.87
636.8,-109.8
637.0,-107.14
637.2,-106.39
637.4,-103.51
637.6,-99.57
637.8,-97.78
638.0,-100.3
638.2,-108.09
638.4,-106.52
638.6,-105.3
638.8,-116.8
639.0,-111.31
639.2,-106.99
639.4,-107.1
639.6,-106.69
639.8,-112.4
640.0,-102.2
640.2,-100.77
640.4,-98.6
640.6,-96.52
640.8,-97.92
641.0,-101.44
641.2,-105.86
641.4,-105.19
641.6,-103.99
641.8,-103.93
642.0,-106.01
642.2,-104.87
642.4,-103.88
642.6,-105.21
642.8,-107.28
643.0,-104.49
643.2,-98.59
643.4,-98.06
643.6,-106.76
643.8,-117.67
644.0,-102.23
644.2,-96.07
644.4,-102.77
644.6,-97.76
644.8,-92.36
645.0,-91.75
645.2,-87.33
645.4,-87.0
645.6,-84.03
645.8,-82.33
646.0,-86.37
646.2,-84.77
646.4,-86.33
646.6,-87.8
646.8,-86.02
647.0,-89.04
647.2,-96.62
647.4,-98.05
647.6,-90.24
647.8,-92.44
648.0,-98.75
648.2,-94.85
648.4,-88.27
648.6,-88.13
648.8,-91.79
649.0,-106.73
649.2,-88.34
649.4,-87.7
649.6,-87.92
649.8,-89.86
650.0,-115.55
650.2,-104.16
650.4,-100.71
650.6,-99.0
650.8,-106.97
651.0,-106.83
651.2,-107.86
651.4,-107.51
651.6,-106.5
651.8,-106.99
652.0,-107.14
652.2,-108.63
652.4,-108.48
652.6,-114.12
652.8,-113.9
653.0,-112.0
653.2,-94.5
653.4,-92.53
653.6,-93.3
653.8,-96.59
654.0,-112.56
654.2,-115.26
654.4,-107.46
654.6,-101.21
654.8,-110.19
655.0,-120.34
655.2,-111.02
655.4,-111.84
655.6,-100.8
655.8,-101.01
656.0,-99.37
656.2,-96.41
656.4,-108.72
656.6,-110.5
656.8,-107.37
657.0,-102.01
657.2,-95.5
657.4,-93.76
657.6,-94.13
657.8,-93.6
658.0,-121.25
658.2,-122.52
658.4,-113.15
658.6,-107.33
658.8,-109.8
659.0,-100.5
659.2,-98.98
659.4,-102.43
659.6,-104.58
659.8,-102.71
660.0,-103.68
660.2,-105.98
660.4,-108.42
660.6,-107.13
660.8,-107.54
661.0,-109.08
661.2,-113.91
661.4,-108.81
661.6,-106.64
661.8,-103.88
662.0,-108.19
662.2,-107.01
662.4,-102.09
662.6,-100.82
662.8,-110.23
663.0,-120.47
663.2,-112.86
663.4,-107.72
663.6,-94.43
663.8,-94.22
664.0,-95.34
664.2,-97.03
664.4,-118.35
664.6,-112.3
664.8,-103.64
665.0,-100.18
665.2,-107.6
665.4,-106.21
665.6,-102.46
665.8,-102.71
666.0,-106.57
666.2,-106.94
666.4,-106.8
666.6,-104.37
666.8,-100.09
667.0,-100.42
667.2,-100.4
667.4,-100.55
667.6,-106.34
667.8,-110.91
668.0,-111.9
668.2,-105.96
668.4,-99.0
668.6,-98.17
668.8,-100.81
669.0,-107.69
669.2,-99.01
669.4,-96.64
669.6,-96.39
669.8,-97.7
670.0,-110.4
670.2,-105.69
670.4,-103.93
670.6,-104.46
670.8,-109.71
671.0,-114.01
671.2,-106.88
671.4,-103.27
671.6,-104.49
671.8,-108.66
672.0,-111.75
672.2,-106.57
672.4,-108.2
672.6,-104.49
672.8,-103.53
673.0,-104.08
673.2,-109.05
673.4,-109.91
673.6,-110.14
673.8,-104.77
674.0,-98.44
674.2,-113.88
674.4,-118.67
674.6,-109.88
674.8,-84.56
675.0,-75.41
675.2,-71.72
675.4,-72.86
675.6,-84.13
675.8,-94.22
676.0,-101.8
676.2,-98.49
676.4,-104.92
676.6,-102.78
676.8,-103.24
677.0,-108.16
677.2,-106.76
677.4,-104.02
677.6,-104.75
677.8,-110.8
678.0,-98.5
678.2,-95.89
678.4,-94.42
678.6,-96.22
678.8,-116.93
679.0,-128.76
679.2,-103.91
679.4,-89.81
679.6,-82.22
679.8,-80.55
680.0,-84.67
680.2,-91.47
680.4,-80.07
680.6,-80.03
680.8,-84.48
681.0,-99.34
681.2,-78.85
681.4,-78.2
681.6,-82.62
681.8,-85.5
682.0,-83.03
682.2,-78.83
682.4,-80.24
682.6,-86.02
682.8,-89.99
683.0,-85.3
683.2,-90.35
683.4,-88.76
683.6,-89.95
683.8,-91.58
684.0,-94.84
684.2,-92.17
684.4,-94.9
684.6,-90.63
684.8,-91.64
685.0,-88.75
685.2,-80.55
685.4,-83.34
685.6,-91.24
685.8,-95.51
686.0,-87.85
686.2,-93.72
686.4,-105.32
686.6,-115.74
686.8,-115.31
687.0,-108.89
687.2,-106.76
687.4,-114.24
687.6,-105.08
687.8,-101.85
688.0,-105.83
688.2,-119.43
688.4,-104.19
688.6,-101.48
688.8,-100.18
689.0,-102.35
689.2,-99.74
689.4,-100.94
689.6,-104.16
689.8,-104.83
690.0,-104.1
690.2,-102.48
690.4,-100.54
690.6,-97.87
690.8,-91.18
691.0,-90.89
691.2,-93.0
691.4,-100.02
691.6,-97.94
691.8,-94.9
692.0,-96.8
692.2,-105.28
692.4,-104.38
692.6,-100.38
692.8,-93.66
693.0,-92.39
693.2,-104.87
693.4,-101.08
693.6,-100.49
693.8,-102.37
694.0,-98.86
694.2,-95.27
694.4,-96.82
694.6,-104.18
694.8,-103.98
695.0,-109.55
695.2,-100.04
695.4,-96.2
695.6,-98.39
695.8,-99.14
696.0,-98.72
696.2,-100.2
696.4,-112.74
696.6,-102.39
696.8,-99.42
697.0,-97.67
697.2,-117.43
697.4,-105.21
697.6,-98.98
697.8,-95.88
698.0,-92.26
698.2,-96.4
698.4,-96.48
698.6,-96.01
698.8,-112.4
699.0,-103.57
699.2,-98.6
699.4,-100.28
699.6,-119.27
699.8,-105.76
700.0,-99.57
700.2,-98.97
